{
  "version": 2,
  "builds": [
    {
      "src": "frontend/package.json",
      "use": "@vercel/static-build",
      "config": {
        "distDir": "frontend/dist"
      }
    },
    {
      "src": "backend/api/index.ts",
      "use": "@vercel/node"
    }
  ],
  "routes": [
    {
      "src": "/api/(.*)",
      "dest": "/backend/api/index.ts"
    },
    {
      "src": "/auth/(.*)",
      "dest": "/backend/api/index.ts"
    },
    {
      "src": "/(.*)",
      "dest": "/frontend/$1"
    }
  ]
}


